iso,name,nicename,iso3,numcode,phonecode
AF,AFGHANISTAN,Afghanistan,AFG,4,93
AL,ALBANIA,Albania,ALB,8,355
DZ,ALGERIA,Algeria,DZA,12,213
AS,AMERICAN SAMOA,American Samoa,ASM,16,1-684
AD,ANDORRA,Andorra,AND,20,376
AO,ANGOLA,Angola,AGO,24,244
AI,ANGUILLA,Anguilla,AIA,660,1-264
AG,ANTIGUA AND BARBUDA,Antigua and Barbuda,ATG,28,1-268
AR,ARGENTINA,Argentina,ARG,32,54
AM,ARMENIA,Armenia,ARM,51,374
AW,ARUBA,Aruba,ABW,533,297
AU,AUSTRALIA,Australia,AUS,36,61
AT,AUSTRIA,Austria,AUT,40,43
AZ,AZERBAIJAN,Azerbaijan,AZE,31,994
BS,BAHAMAS,Bahamas,BHS,44,1-242
BH,BAHRAIN,Bahrain,BHR,48,973
BD,BANGLADESH,Bangladesh,BGD,50,880
BB,BARBADOS,Barbados,BRB,52,1-246
BY,BELARUS,Belarus,BLR,112,375
BE,BELGIUM,Belgium,BEL,56,32
BZ,BELIZE,Belize,BLZ,84,501
BJ,BENIN,Benin,BEN,204,229
BM,BERMUDA,Bermuda,BMU,60,1-441
BT,BHUTAN,Bhutan,BTN,64,975
BO,"BOLIVIA, PLURINATIONAL STATE OF",Bolivia (Plurinational State of),BOL,68,591
BA,BOSNIA AND HERZEGOVINA,Bosnia and Herzegovina,BIH,70,387
BW,BOTSWANA,Botswana,BWA,72,267
BR,BRAZIL,Brazil,BRA,76,55
VG,VIRGIN ISLANDS (BRITISH),British Virgin Islands,VGB,92,1-284
BN,BRUNEI DARUSSALAM,Brunei Darussalam,BRN,96,673
BG,BULGARIA,Bulgaria,BGR,100,359
BF,BURKINA FASO,Burkina Faso,BFA,854,226
BI,BURUNDI,Burundi,BDI,108,257
KH,CAMBODIA,Cambodia,KHM,116,855
CM,CAMEROON,Cameroon,CMR,120,237
CA,CANADA,Canada,CAN,124,1
CV,CABO VERDE,Cabo Verde,CPV,132,238
BQ,"BONAIRE, SINT EUSTATIUS AND SABA","Bonaire, Sint Eustatius and Saba",BES,535,599
KY,CAYMAN ISLANDS,Cayman Islands,CYM,136,1-345
CF,CENTRAL AFRICAN REPUBLIC,Central African Republic,CAF,140,236
TD,CHAD,Chad,TCD,148,235
CL,CHILE,Chile,CHL,152,56
CN,CHINA,China,CHN,156,86
CO,COLOMBIA,Colombia,COL,170,57
KM,COMOROS,Comoros,COM,174,269
CG,CONGO,Congo,COG,178,242
CK,COOK ISLANDS,Cook Islands,COK,184,682
CR,COSTA RICA,Costa Rica,CRI,188,506
HR,CROATIA,Croatia,HRV,191,385
CU,CUBA,Cuba,CUB,192,53
CW,CURAÇAO,Curaçao,CUW,531,599
CY,CYPRUS,Cyprus,CYP,196,357
CI,CÔTE D'IVOIRE,Côte d'Ivoire,CIV,384,225
DK,DENMARK,Denmark,DNK,208,45
DJ,DJIBOUTI,Djibouti,DJI,262,253
DM,DOMINICA,Dominica,DMA,212,1-767
DO,DOMINICAN REPUBLIC,Dominican Republic,DOM,214,"1-809,1-829,1-849"
EC,ECUADOR,Ecuador,ECU,218,593
EG,EGYPT,Egypt,EGY,818,20
SV,EL SALVADOR,El Salvador,SLV,222,503
GQ,EQUATORIAL GUINEA,Equatorial Guinea,GNQ,226,240
ER,ERITREA,Eritrea,ERI,232,291
EE,ESTONIA,Estonia,EST,233,372
ET,ETHIOPIA,Ethiopia,ETH,231,251
FK,FALKLAND ISLANDS (MALVINAS),Falkland Islands (Malvinas),FLK,238,500
FJ,FIJI,Fiji,FJI,242,679
FI,FINLAND,Finland,FIN,246,358
FR,FRANCE,France,FRA,250,33
GF,FRENCH GUIANA,French Guiana,GUF,254,594
PF,FRENCH POLYNESIA,French Polynesia,PYF,258,689
GA,GABON,Gabon,GAB,266,241
GM,GAMBIA,Gambia,GMB,270,220
GE,GEORGIA,Georgia,GEO,268,995
DE,GERMANY,Germany,DEU,276,49
GH,GHANA,Ghana,GHA,288,233
GI,GIBRALTAR,Gibraltar,GIB,292,350
GR,GREECE,Greece,GRC,300,30
GL,GREENLAND,Greenland,GRL,304,299
GD,GRENADA,Grenada,GRD,308,1-473
GP,GUADELOUPE,Guadeloupe,GLP,312,590
GU,GUAM,Guam,GUM,316,1-671
GT,GUATEMALA,Guatemala,GTM,320,502
GG,GUERNSEY,Guernsey,GGY,831,44
GN,GUINEA,Guinea,GIN,324,224
GW,GUINEA-BISSAU,Guinea-Bissau,GNB,624,245
GY,GUYANA,Guyana,GUY,328,592
HT,HAITI,Haiti,HTI,332,509
HN,HONDURAS,Honduras,HND,340,504
HU,HUNGARY,Hungary,HUN,348,36
IS,ICELAND,Iceland,ISL,352,354
IN,INDIA,India,IND,356,91
ID,INDONESIA,Indonesia,IDN,360,62
IR,"IRAN, ISLAMIC REPUBLIC OF",Iran (Islamic Republic of),IRN,364,98
IQ,IRAQ,Iraq,IRQ,368,964
IE,IRELAND,Ireland,IRL,372,353
IM,ISLE OF MAN,Isle of Man,IMN,833,44
IL,ISRAEL,Israel,ISR,376,972
IT,ITALY,Italy,ITA,380,39
JM,JAMAICA,Jamaica,JAM,388,1-876
JP,JAPAN,Japan,JPN,392,81
JE,JERSEY,Jersey,JEY,832,44
JO,JORDAN,Jordan,JOR,400,962
KZ,KAZAKHSTAN,Kazakhstan,KAZ,398,7
KE,KENYA,Kenya,KEN,404,254
KI,KIRIBATI,Kiribati,KIR,296,686
KW,KUWAIT,Kuwait,KWT,414,965
KG,KYRGYZSTAN,Kyrgyzstan,KGZ,417,996
LA,LAO PEOPLE’S DEMOCRATIC REPUBLIC,Lao People's Democratic Republic,LAO,418,856
LV,LATVIA,Latvia,LVA,428,371
LB,LEBANON,Lebanon,LBN,422,961
LS,LESOTHO,Lesotho,LSO,426,266
LR,LIBERIA,Liberia,LBR,430,231
LY,LIBYA,Libya,LBY,434,218
LI,LIECHTENSTEIN,Liechtenstein,LIE,438,423
LT,LITHUANIA,Lithuania,LTU,440,370
LU,LUXEMBOURG,Luxembourg,LUX,442,352
MO,MACAO,"China, Macao Special Administrative Region",MAC,446,853
MK,"MACEDONIA, THE FORMER YUGOSLAV REPUBLIC OF",The former Yugoslav Republic of Macedonia,MKD,807,389
MG,MADAGASCAR,Madagascar,MDG,450,261
MW,MALAWI,Malawi,MWI,454,265
MY,MALAYSIA,Malaysia,MYS,458,60
MV,MALDIVES,Maldives,MDV,462,960
ML,MALI,Mali,MLI,466,223
MT,MALTA,Malta,MLT,470,356
MH,MARSHALL ISLANDS,Marshall Islands,MHL,584,692
MQ,MARTINIQUE,Martinique,MTQ,474,596
MR,MAURITANIA,Mauritania,MRT,478,222
MU,MAURITIUS,Mauritius,MUS,480,230
YT,MAYOTTE,Mayotte,MYT,175,262
MX,MEXICO,Mexico,MEX,484,52
FM,"MICRONESIA, FEDERATED STATES OF",Micronesia (Federated States of),FSM,583,691
MD,"MOLDOVA, REPUBLIC OF",Republic of Moldova,MDA,498,373
MC,MONACO,Monaco,MCO,492,377
MN,MONGOLIA,Mongolia,MNG,496,976
ME,MONTENEGRO,Montenegro,MNE,499,382
MS,MONTSERRAT,Montserrat,MSR,500,1-664
MA,MOROCCO,Morocco,MAR,504,212
MZ,MOZAMBIQUE,Mozambique,MOZ,508,258
MM,MYANMAR,Myanmar,MMR,104,95
NA,NAMIBIA,Namibia,NAM,516,264
NR,NAURU,Nauru,NRU,520,674
NP,NEPAL,Nepal,NPL,524,977
NL,NETHERLANDS,Netherlands,NLD,528,31
NC,NEW CALEDONIA,New Caledonia,NCL,540,687
NZ,NEW ZEALAND,New Zealand,NZL,554,64
NI,NICARAGUA,Nicaragua,NIC,558,505
NE,NIGER,Niger,NER,562,227
NG,NIGERIA,Nigeria,NGA,566,234
NU,NIUE,Niue,NIU,570,683
NF,NORFOLK ISLAND,Norfolk Island,NFK,574,672
KP,"KOREA, DEMOCRATIC PEOPLE’S REPUBLIC OF",Democratic People's Republic of Korea,PRK,408,850
MP,NORTHERN MARIANA ISLANDS,Northern Mariana Islands,MNP,580,1-670
NO,NORWAY,Norway,NOR,578,47
OM,OMAN,Oman,OMN,512,968
PK,PAKISTAN,Pakistan,PAK,586,92
PW,PALAU,Palau,PLW,585,680
PS,"PALESTINE, STATE OF",State of Palestine,PSE,275,970
PA,PANAMA,Panama,PAN,591,507
PG,PAPUA NEW GUINEA,Papua New Guinea,PNG,598,675
PY,PARAGUAY,Paraguay,PRY,600,595
PE,PERU,Peru,PER,604,51
PH,PHILIPPINES,Philippines,PHL,608,63
PN,PITCAIRN,Pitcairn,PCN,612,870
PL,POLAND,Poland,POL,616,48
PT,PORTUGAL,Portugal,PRT,620,351
PR,PUERTO RICO,Puerto Rico,PRI,630,1
QA,QATAR,Qatar,QAT,634,974
RO,ROMANIA,Romania,ROU,642,40
RU,RUSSIAN FEDERATION,Russian Federation,RUS,643,7
RW,RWANDA,Rwanda,RWA,646,250
RE,RÉUNION,Réunion,REU,638,262
WS,SAMOA,Samoa,WSM,882,685
SM,SAN MARINO,San Marino,SMR,674,378
SA,SAUDI ARABIA,Saudi Arabia,SAU,682,966
SN,SENEGAL,Senegal,SEN,686,221
RS,SERBIA,Serbia,SRB,688,381 p
SC,SEYCHELLES,Seychelles,SYC,690,248
SL,SIERRA LEONE,Sierra Leone,SLE,694,232
SG,SINGAPORE,Singapore,SGP,702,65
SX,SINT MAARTEN (DUTCH PART),Sint Maarten (Dutch part),SXM,534,1-721
SK,SLOVAKIA,Slovakia,SVK,703,421
SI,SLOVENIA,Slovenia,SVN,705,386
SB,SOLOMON ISLANDS,Solomon Islands,SLB,90,677
SO,SOMALIA,Somalia,SOM,706,252
ZA,SOUTH AFRICA,South Africa,ZAF,710,27
KR,"KOREA, REPUBLIC OF",Republic of Korea,KOR,410,82
SS,SOUTH SUDAN,South Sudan,SSD,728,211
ES,SPAIN,Spain,ESP,724,34
LK,SRI LANKA,Sri Lanka,LKA,144,94
BL,SAINT BARTHÉLEMY,Saint Barthélemy,BLM,652,590
SH,"SAINT HELENA, ASCENSION AND TRISTAN DA CUNHA",Saint Helena,SHN,654,290 n
KN,SAINT KITTS AND NEVIS,Saint Kitts and Nevis,KNA,659,1-869
LC,SAINT LUCIA,Saint Lucia,LCA,662,1-758
MF,SAINT MARTIN (FRENCH PART),Saint Martin (French part),MAF,663,590
PM,SAINT PIERRE AND MIQUELON,Saint Pierre and Miquelon,SPM,666,508
VC,SAINT VINCENT AND THE GRENADINES,Saint Vincent and the Grenadines,VCT,670,1-784
SD,SUDAN,Sudan,SDN,729,249
SR,SURINAME,Suriname,SUR,740,597
SJ,SVALBARD AND JAN MAYEN,Svalbard and Jan Mayen Islands,SJM,744,47
SZ,SWAZILAND,Swaziland,SWZ,748,268
SE,SWEDEN,Sweden,SWE,752,46
CH,SWITZERLAND,Switzerland,CHE,756,41
SY,SYRIAN ARAB REPUBLIC,Syrian Arab Republic,SYR,760,963
ST,SAO TOME AND PRINCIPE,Sao Tome and Principe,STP,678,239
TJ,TAJIKISTAN,Tajikistan,TJK,762,992
TZ,"TANZANIA, UNITED REPUBLIC OF",United Republic of Tanzania,TZA,834,255
TH,THAILAND,Thailand,THA,764,66
TL,TIMOR-LESTE,Timor-Leste,TLS,626,670
TG,TOGO,Togo,TGO,768,228
TK,TOKELAU,Tokelau,TKL,772,690
TO,TONGA,Tonga,TON,776,676
TT,TRINIDAD AND TOBAGO,Trinidad and Tobago,TTO,780,1-868
TN,TUNISIA,Tunisia,TUN,788,216
TR,TURKEY,Turkey,TUR,792,90
TM,TURKMENISTAN,Turkmenistan,TKM,795,993
TC,TURKS AND CAICOS ISLANDS,Turks and Caicos Islands,TCA,796,1-649
TV,TUVALU,Tuvalu,TUV,798,688
VI,VIRGIN ISLANDS (U.S.),United States Virgin Islands,VIR,850,1-340
GB,UNITED KINGDOM,United Kingdom of Great Britain and Northern Ireland,GBR,826,44
US,UNITED STATES,United States of America,USA,840,1
UG,UGANDA,Uganda,UGA,800,256
UA,UKRAINE,Ukraine,UKR,804,380
AE,UNITED ARAB EMIRATES,United Arab Emirates,ARE,784,971
UY,URUGUAY,Uruguay,URY,858,598
UZ,UZBEKISTAN,Uzbekistan,UZB,860,998
VU,VANUATU,Vanuatu,VUT,548,678
VA,HOLY SEE (VATICAN CITY STATE),Holy See,VAT,336,39-06
VE,"VENEZUELA, BOLIVARIAN REPUBLIC OF",Venezuela (Bolivarian Republic of),VEN,862,58
VN,VIET NAM,Viet Nam,VNM,704,84
WF,WALLIS AND FUTUNA,Wallis and Futuna Islands,WLF,876,681
EH,WESTERN SAHARA,Western Sahara,ESH,732,212
YE,YEMEN,Yemen,YEM,887,967
ZM,ZAMBIA,Zambia,ZMB,894,260
ZW,ZIMBABWE,Zimbabwe,ZWE,716,263
AX,ÅLAND ISLANDS,Åland Islands,ALA,248,358
